oferta,precio,mts,bathrooms,recamaras,lat,lon,fuente,fecha_consulta,precio_m2
casa nueva independiente modelo monaco,3308850.0,110.0,,2.0,31.965445,-116.646471,easyaviso,2025-09-27 22:24:19.403530,30080.454545454544
vive o invierte propiedad lista con proyecto turistico en el valle de guadalupe,1211.0,,,,31.8773451,-116.6289596,easyaviso,2025-09-27 22:24:19.403530,
zevze,5239012.5,135.0,2.0,2.0,32.0557002,-116.8794595,easyaviso,2025-09-27 22:24:19.403530,38807.5
casa en venta  modelo azur vinedos del mar ensenada b.c.,250000.0,200.0,,,31.8780559,-116.5377134,easyaviso,2025-09-27 22:24:19.403530,1250.0
casa en venta en fracc. buenaventura en ensenada b.c.,4130000.0,139.93,2.0,,31.8395089,-116.6097319,easyaviso,2025-09-27 22:24:19.403530,29514.757378689344
casa en venta en ensenada baja california.,17463375000.0,340.0,5.0,4.0,31.9045196,-116.7263625,easyaviso,2025-09-27 22:24:19.403530,51362867.64705882
departamento en venta en ensenada baja california.,2757375.0,0.0,,,32.4267942,-117.0543995,easyaviso,2025-09-27 22:24:19.403530,inf
casa en venta en el sur de ensenada,2941200.0,941.0,,,31.906089,-116.6737419,easyaviso,2025-09-27 22:24:19.403530,3125.6110520722636
venta de rancho en ensenada,5000000.0,145.0,2.0,3.0,31.7909426,-116.5869775,easyaviso,2025-09-27 22:24:19.403530,34482.75862068965
venta de condominio en ensenada,630000.0,200.0,,,31.8839621,-116.5744681,easyaviso,2025-09-27 22:24:19.403530,3150.0
venta de casa en ensenada,14262382.480500001,53.34,,,31.8973732,-116.576099,easyaviso,2025-09-27 22:24:19.403530,267386.24822834646
venta de casa en ensenada,2735426.295,488.06,,,31.9068885,-116.724453,easyaviso,2025-09-27 22:24:19.403530,5604.692650493792
casa en venta en ensenada baja california,39538299.75974999,553.33,,,31.8973732,-116.576099,easyaviso,2025-09-27 22:24:19.403530,71455.18905490392
venta de condominio en ensenada,10000000.0,,,,31.853187,-116.6008024,easyaviso,2025-09-27 22:24:19.403530,
casa en venta ensenada,3590000.0,,2.0,2.0,31.9161,-116.687,easyaviso,2025-09-27 22:24:19.403530,
venta de condominio en ensenada,5055187.5,500.0,,,31.8973732,-116.576099,easyaviso,2025-09-27 22:24:19.403530,10110.375
venta de condominio en ensenada,39538299.75974999,553.33,,,31.8973732,-116.576099,easyaviso,2025-09-27 22:24:19.403530,71455.18905490392
casa nueva fracc. buenaventura,4411800.0,228.0,5.0,3.0,31.8718174,-116.6101244,easyaviso,2025-09-27 22:24:19.403530,19350.0
residencia de lujo a estrenar en coronado bajamar,2200000.0,146.0,,,31.8679948,-116.5778753,easyaviso,2025-09-27 22:24:19.403530,15068.493150684932
villa estancia  residencia de lujo frente al mar en punta piedra ensenada,350000.0,233.0,,,31.8844193023,-116.5572517306,easyaviso,2025-09-27 22:24:19.403530,1502.145922746781
casa de contado en maneadero,211398.75,200.0,,,31.7281853969,-116.6089296341,easyaviso,2025-09-27 22:24:19.403530,1056.99375
casa con terraza en venta,1964629.6875,,,,31.867097008,-116.6626477624,easyaviso,2025-09-27 22:24:19.403530,
departamentos en venta,4227975.0,,2.0,2.0,31.7851848,-116.5890129,easyaviso,2025-09-27 22:24:19.403530,
ensenada baja california haz tu mejor oferta,7945000.0,352.0,2.0,3.0,31.8528704,-116.6089655,easyaviso,2025-09-27 22:24:19.403530,22571.022727272728
casa en venta,1696000.0,45.0,,2.0,31.7698561,-116.5580573,easyaviso,2025-09-27 22:24:19.403530,37688.88888888889
casita en bajamar,2389725.0,652.0,,,32.0892313618,-116.8821673955,easyaviso,2025-09-27 22:24:19.403530,3665.222392638037
casa en venta fracc. nueva ensenada ensenada bc,2757375.0,491.0,,,31.7928938192,-116.592402498,easyaviso,2025-09-27 22:24:19.403530,5615.835030549898
casa en venta en villas del campo ensenada baja california,13800000.0,510.0,3.0,4.0,31.854677,-116.6148013,easyaviso,2025-09-27 22:24:19.403530,27058.823529411766
casa en venta  oportunidad de inversion fracc. playa ensenada ensenada b.c.,3584587.5,66.0,,,32.0579982,-116.8785343,easyaviso,2025-09-27 22:24:19.403530,54311.931818181816
casa en venta en fraccionamiento granjas el gallo ensenada baja california,8272125.0,993.75,,,31.9081871,-116.723864,easyaviso,2025-09-27 22:24:19.403530,8324.150943396226
casa en venta  col. empleados ensenada b.c.,985000.0,493.0,,,31.8999427,-116.5875096,easyaviso,2025-09-27 22:24:19.403530,1997.971602434077
casa en venta  col.empleados ensenada b.c.,2808000.0,218.0,,4.0,31.8999427,-116.5875096,easyaviso,2025-09-27 22:24:19.403530,12880.733944954129
casa en venta en ensenada baja california,1470600.0,275.0,,,31.87994,-116.6470766,easyaviso,2025-09-27 22:24:19.403530,5347.636363636364
casa en venta,5330925.0,464.54,,,31.8951953,-116.563151,easyaviso,2025-09-27 22:24:19.403530,11475.707151160286
casa en preventa andarez residencial modelo isla plus,2882835.5625,369.0,,,31.8742577097,-116.6740431022,easyaviso,2025-09-27 22:24:19.403530,7812.5625
casa en venta en valle dorado,5864017.5,284.0,4.0,5.0,31.8689201,-116.641132,easyaviso,2025-09-27 22:24:19.403530,20647.948943661973
casa en venta en villa bonita 2200000.00,3000000.0,,,,32.0956281,-116.572572,easyaviso,2025-09-27 22:24:19.403530,
hermosa residencia en venta en ampliacion moderna,6433875.0,200.0,2.0,3.0,32.0526248158,-116.880808998,easyaviso,2025-09-27 22:24:19.403530,32169.375
bonita casa en piedras negras 4100000.00,3200000.0,122.0,2.0,3.0,31.8891087703,-116.681344203,easyaviso,2025-09-27 22:24:19.403530,26229.508196721312
hermosa casa de playa en venta,4500000.0,,3.0,4.0,31.8789516,-116.6222932,easyaviso,2025-09-27 22:24:19.403530,
se venden casas,3198555.0,185.0,2.0,2.0,32.0924408,-116.8496551,easyaviso,2025-09-27 22:24:19.403530,17289.486486486487
se vende casa,2800000.0,,2.0,3.0,31.8137124,-116.5866619,easyaviso,2025-09-27 22:24:19.403530,
se vende casa en villa residencial del prado en ensenada,6433875.0,0.0,,,32.0956281,-116.572572,easyaviso,2025-09-27 22:24:19.403530,inf
se vende departamento,1400000.0,,2.0,2.0,31.8898841,-116.6081019,easyaviso,2025-09-27 22:24:19.403530,
se vende casa,350000.0,160.0,,,30.7705249,-116.0088778,easyaviso,2025-09-27 22:24:19.403530,2187.5
se vende casa,700000.0,250.0,,,31.8069709,-116.5860511,easyaviso,2025-09-27 22:24:19.403530,2800.0
casa en venta,980000.0,60.0,,,31.9062942,-116.5601969,easyaviso,2025-09-27 22:24:19.403530,16333.333333333334
se vende casa,3665000.0,108.87,2.0,3.0,31.8766970568,-116.6094412136,easyaviso,2025-09-27 22:24:19.403530,33664.00293928538
se vende casa,9191250.0,0.0,,3.0,31.6832022,-116.6044798,easyaviso,2025-09-27 22:24:19.403530,inf
se vende casa,2120000.0,87.8,,2.0,31.7143025743,-116.5744399339,easyaviso,2025-09-27 22:24:19.403530,24145.785876993166
casas en preventa en privada san fernando ensenada b.c,9599000.0,350.0,4.0,4.0,31.8244708,-116.6010534,easyaviso,2025-09-27 22:24:19.403530,27425.714285714286
rancho en venta por maneadero ensenada,6783142.5,171.0,2.0,3.0,32.0841086106,-116.8803845346,easyaviso,2025-09-27 22:24:19.403530,39667.5
del carmen  privada  maneadero  2r 1.5b  ensenada,3295000.0,119.75,3.0,3.0,31.8157237,-116.5912113,easyaviso,2025-09-27 22:24:19.403530,27515.657620041755
hermosa residencia en loma dorada 4 recamaras,1600000.0,857.96,,,31.6939711021,-116.6254608032,easyaviso,2025-09-27 22:24:19.403530,1864.888806004942
villa con vista al mar en punta piedra,5790000.0,137.72,2.0,3.0,31.9177320458,-116.6918243377,easyaviso,2025-09-27 22:24:19.403530,42041.82399070578
casa en vista hermosa 3.295000.00,5790000.0,,2.0,3.0,31.9177371567,-116.6919021754,easyaviso,2025-09-27 22:24:19.403530,
casa en venta ubicada en zona sur,21139875.0,440.86,3.0,3.0,31.9081871,-116.723864,easyaviso,2025-09-27 22:24:19.403530,47951.44717143764
casa en venta ubicada en fraccionamiento andarez residencial,4000000.0,158.0,3.0,4.0,31.7843456539,-116.6099006955,easyaviso,2025-09-27 22:24:19.403530,25316.45569620253
casa en venta en fraccionamiento villlas cibolas del mar,3000000.0,125.0,2.0,3.0,31.7832099299,-116.6120043432,easyaviso,2025-09-27 22:24:19.403530,24000.0
casa en venta ubicada en puerta del mar,6516000.0,177.44,2.0,3.0,31.8892682714,-116.6811408951,easyaviso,2025-09-27 22:24:19.403530,36722.27231740307
casa en venta  ex ejido chapultepec,1400000.0,400.0,,,31.679228902,-116.6031408028,easyaviso,2025-09-27 22:24:19.403530,3500.0
casa en ex ejido de chapultepec  en venta,5297000.0,137.72,2.0,3.0,31.9134142598,-116.690843557,easyaviso,2025-09-27 22:24:19.403530,38462.09700842289
casa en venta en colinas del sauzal modelo pardela,588240.0,437.3,,,32.070301742,-116.6299581528,easyaviso,2025-09-27 22:24:19.403530,1345.1635033158016
casa en venta en residencial vinedos del mar,4450000.0,134.0,2.0,3.0,31.8027476,-116.584922,easyaviso,2025-09-27 22:24:19.403530,33208.9552238806
modelo garza en venta luxurious home for sale,2300000.0,128.0,,3.0,31.9031255,-116.5851671,easyaviso,2025-09-27 22:24:19.403530,17968.75
gran oportunidad hermosa casa en andarez residencial ensenada b.c.,3470000.0,,,3.0,31.788831,-116.5886097,easyaviso,2025-09-27 22:24:19.403530,
CASA EN VENTA   San Carlos Ensenada,6200000.0,433.3,4.0,3.0,31.8012546973,-116.5931953244,easyaviso,2025-09-27 22:24:19.403530,14308.792984075697
SE VENDE CASA EN PRIVADA CON CASETA,12720690.0,88.0,3.0,3.0,31.7256595,-116.6493702,easyaviso,2025-09-27 22:24:19.403530,144553.29545454544
Casa de 3 Recamaras Frac Siena Residencial,1100000.0,625.0,,,31.6946973,-116.494513,easyaviso,2025-09-27 22:24:19.403530,1760.0
casa 1 nivel amplio patio en col. escritores,3300000.0,162.0,2.0,3.0,31.8379491,-116.6002074,easyaviso,2025-09-27 22:24:19.403530,20370.37037037037
casa en venta en ensenada baja california,4900000.0,277.0,3.0,6.0,31.7895825,-116.5888077,easyaviso,2025-09-27 22:24:19.403530,17689.530685920578
se vende bonita propiedad en ejido el pipila ensenada bc camino hacia vinedos,4600000.0,229.0,3.0,3.0,31.7848467,-116.6041519,easyaviso,2025-09-27 22:24:19.403530,20087.336244541486
oportunidad de inversion propiedad  en valle dorado 3300000.00,790000.0,42.47,,2.0,31.8643071,-116.5491505,easyaviso,2025-09-27 22:24:19.403530,18601.365669884624
casa de 1 planta col. obrera calle octava 1738 7500000.00,3676500.0,140.0,,2.0,31.8230919504,-116.6020177188,easyaviso,2025-09-27 22:24:19.403530,26260.714285714286
casa en venta en solana residencial,4500000.0,149.0,3.0,3.0,31.8808489955,-116.6266569358,easyaviso,2025-09-27 22:24:19.403530,30201.342281879195
gran oportunidad en preventa,1500000.0,,,2.0,31.8537021,-116.6077392,easyaviso,2025-09-27 22:24:19.403530,
se vende casa,9000000.0,309.0,4.0,4.0,31.8244013,-116.6044824,easyaviso,2025-09-27 22:24:19.403530,29126.21359223301
se vende casa,27573750.0,505.0,13.0,8.0,31.9991885,-116.6616751,easyaviso,2025-09-27 22:24:19.403530,54601.485148514854
casa en venta,514710.0,140.0,,,32.0579982,-116.8785343,easyaviso,2025-09-27 22:24:19.403530,3676.5
hermosa casa en venta en loma dorada ensenadab.c.,3500000.0,144.0,2.0,3.0,31.8735162544,-116.6619676119,easyaviso,2025-09-27 22:24:19.403530,24305.555555555555
casa en venta ubicada en valle de guadalupe,18500000.0,465.0,2.0,3.0,31.9911625047,-116.6256319637,easyaviso,2025-09-27 22:24:19.403530,39784.94623655914
venta de casas en pedregal playitas,4100000.0,151.0,3.0,3.0,31.7895843,-116.6069555,easyaviso,2025-09-27 22:24:19.403530,27152.3178807947
casa en venta con produccion de uva  valle de guadalupe,18500000.0,465.0,2.0,3.0,31.9911731501,-116.6257930635,easyaviso,2025-09-27 22:24:19.403530,39784.94623655914
casa en venta,1599277.5,254.53,,,32.0536219791,-116.8786384492,easyaviso,2025-09-27 22:24:19.403530,6283.257376340706
rancho en venta con produccion de uva  valle de guadalupe,9300000.0,190.0,3.0,4.0,31.8895009942,-116.678709921,easyaviso,2025-09-27 22:24:19.403530,48947.36842105263
casa en venta,2389725.0,130.0,,,32.0304940986,-116.6392769507,easyaviso,2025-09-27 22:24:19.403530,18382.5
casa nueva fracc. privado colinas del sauzal,1400000.0,300.0,,,31.8867419,-116.6171302,easyaviso,2025-09-27 22:24:19.403530,4666.666666666667
2500 m2 en tierra santa en valle de guadalup,2200000.0,146.0,2.0,3.0,31.8690615,-116.5801536,easyaviso,2025-09-27 22:24:19.403530,15068.493150684932
1206 m a un costado de el cielo dentro de privada en valle de guadalupe,1770000.0,73.0,2.0,2.0,31.8898644,-116.5650765,easyaviso,2025-09-27 22:24:19.403530,24246.575342465752
casa en venta en marquez de leon ensenada,8100000.0,,3.0,3.0,31.8332469,-116.5981561,easyaviso,2025-09-27 22:24:19.403530,
departamento en venta en torre barlovento,6893437.5,135.0,3.0,3.0,31.7604917,-116.5381358,easyaviso,2025-09-27 22:24:19.403530,51062.5
casa en venta en el sauzal,2887780.455,369.63,,,31.8716647,-116.6765119,easyaviso,2025-09-27 22:24:19.403530,7812.624665205746
casa san carlos en venta,1286775.0,221.0,,,31.7669741,-116.5201237,easyaviso,2025-09-27 22:24:19.403530,5822.511312217194
residencia de lujo exclusiva en la marina ensenada  area la salina,3850000.0,190.0,2.0,3.0,31.87994,-116.6470766,easyaviso,2025-09-27 22:24:19.403530,20263.157894736843
amplia casa  en villa fontana ens b.c. a 15 minutos de la zona turistica,7353000.0,220.0,2.0,3.0,16.1795331325,-95.1617226538,easyaviso,2025-09-27 22:24:19.403530,33422.72727272727
casa 91  isla,2600000.0,,,2.0,31.8585963,-116.6235229,easyaviso,2025-09-27 22:24:19.403530,
casa sin muebles de 3 recamaras  y patio,1470600.0,0.0,,,32.0756669,-116.6243396,easyaviso,2025-09-27 22:24:19.403530,inf
casa de 2 niveles centrica,8188411.095,232.0,3.0,3.0,31.8951953,-116.563151,easyaviso,2025-09-27 22:24:19.403530,35294.87540948276
casa en venta en villa fontana ensenada baja california,7377687.6975,172.0,2.0,2.0,31.8951953,-116.563151,easyaviso,2025-09-27 22:24:19.403530,42893.533125
casas en venta punta piedra seccion mision ensenada b.c.,16176600.0,850.0,6.0,5.0,31.8785064,-116.6288364,easyaviso,2025-09-27 22:24:19.403530,19031.29411764706
casas en venta punta piedra seccion mision ensenada b.c.,477945.0,400.0,,,32.0956281,-116.572572,easyaviso,2025-09-27 22:24:19.403530,1194.8625
casa frente al mar en venta en la mision ensenada,3000000.0,600.0,,,31.8822189,-116.5938004,easyaviso,2025-09-27 22:24:19.403530,5000.0
casa en venta ensenada,9007425.0,42.52,,,31.8679715,-116.6356232,easyaviso,2025-09-27 22:24:19.403530,211839.72248353713
departamento con amenidades de nivel,5900000.0,288.0,3.0,3.0,31.7876339,-116.6085097,easyaviso,2025-09-27 22:24:19.403530,20486.11111111111
condominio en venta en vinedos del mar ensenada,675000.0,245.48,,,31.8792395946,-116.5365953948,easyaviso,2025-09-27 22:24:19.403530,2749.714844386508
casa en venta en playas de chapultepec ensenada,3750000.0,122.86,2.0,3.0,31.890621458,-116.6796111969,easyaviso,2025-09-27 22:24:19.403530,30522.54598730262
preventa de 7 casas en ex ejido chapultepec ensenada,2800000.0,135.04,2.0,4.0,31.9097948,-116.600801,easyaviso,2025-09-27 22:24:19.403530,20734.597156398104
casa modelo terra plus  en gaia residencial ensenada b.c.,4000000.0,150.04,2.0,3.0,31.8025517904,-116.5848365536,easyaviso,2025-09-27 22:24:19.403530,26659.55745134631
casas en venta en col. granjas el gallo ensenada b.c.,6800000.0,227.18,2.0,3.0,31.802579,-116.5842185,easyaviso,2025-09-27 22:24:19.403530,29932.212342635794
casa en fraccionamiento los encinos ensenada b.c.,5500000.0,150.0,2.0,3.0,31.8744280654,-116.633868853,easyaviso,2025-09-27 22:24:19.403530,36666.666666666664
se vende casa amueblada en fracc. andarez residencial ensenada b.c.,2680000.0,119.0,,4.0,31.9038475006,-116.5963446544,easyaviso,2025-09-27 22:24:19.403530,22521.008403361346
casa en preventa modelo estero fracc. andarez residencial ensenada b.c,3150000.0,107.0,2.0,3.0,31.7885612,-116.5823607,easyaviso,2025-09-27 22:24:19.403530,29439.252336448597
departamentos en preventa en col azteca ensenada b.c.,3900000.0,117.0,2.0,3.0,31.8185105271,-116.5944564019,easyaviso,2025-09-27 22:24:19.403530,33333.333333333336
casa en venta en fraccionamiento las lomitas lll etapa ensenada,1550000.0,397.45,,,31.7238310039,-116.6922570108,easyaviso,2025-09-27 22:24:19.403530,3899.8616178135617
casas en preventa  ubicadas en blvd zertuche,6800000.0,,2.0,3.0,31.802579,-116.5842185,easyaviso,2025-09-27 22:24:19.403530,
casa en venta en carlos pacheco 7   ensenada b.c.,4395000.0,156.97,3.0,3.0,31.802579,-116.5842185,easyaviso,2025-09-27 22:24:19.403530,27998.980696948463
casa en preventa modelo oceano  en fracc. andarez residencial,6300000.0,210.57,2.0,3.0,31.8871415991,-116.6830015097,easyaviso,2025-09-27 22:24:19.403530,29918.79185069098
casa en preventa andarez residencial modelo horizonte plus,7109431.875,72.92,,,31.869207309,-116.6705320214,easyaviso,2025-09-27 22:24:19.403530,97496.32302523313
casa en preventa modelo bruma plus fracc. andarez residencial,5310000.0,118.13,2.0,2.0,31.8892222,-116.6809248,easyaviso,2025-09-27 22:24:19.403530,44950.47828663337
casa preventa en fracc. colinas del sauzal ensenada b.c.,6516000.0,177.44,2.0,3.0,31.8892222,-116.6809248,easyaviso,2025-09-27 22:24:19.403530,36722.27231740307
condos en venta en cosmopolitan by the sea,5400000.0,169.83,2.0,3.0,31.8878430472,-116.682508068,easyaviso,2025-09-27 22:24:19.403530,31796.502384737676
casa en preventa modelo bahia en fracc. andarez residencial ensenada b.c.,3500000.0,166.12,2.0,3.0,31.8460018946,-116.5928202828,easyaviso,2025-09-27 22:24:19.403530,21069.106669877197
casa en fracc. valle dorado seccion rios ensenada b.c.,5200000.0,178.0,2.0,3.0,31.818016,-116.5956287,easyaviso,2025-09-27 22:24:19.403530,29213.483146067414
casa a estrenar en fraccionamiento privado pacifica residencial modelo arrecife,5600000.0,226.0,2.0,3.0,31.844621141,-116.6018539717,easyaviso,2025-09-27 22:24:19.403530,24778.7610619469
casas en venta en fracc. valle dorado ensenada b.c.,5400000.0,176.16,2.0,3.0,31.8877883891,-116.6827332916,easyaviso,2025-09-27 22:24:19.403530,30653.950953678475
departamento modelo palomino en vinedos del mar ensenada b.c.,4850000.0,164.31,2.0,3.0,31.8389885457,-116.6066980371,easyaviso,2025-09-27 22:24:19.403530,29517.375692288966
casa en venta en modelo halcon fracc. colinas del sauzal ensenada b.c.,4150000.0,139.93,2.0,2.0,31.8390888052,-116.6054480859,easyaviso,2025-09-27 22:24:19.403530,29657.685985850065
casa en preventa en fracc. residencial diamante ensenada b.c,1950000.0,200.0,,,31.7708689236,-116.5564924331,easyaviso,2025-09-27 22:24:19.403530,9750.0
casa en preventa en fracc. residencial diamante ensenada b.c,132354000.0,,,,31.9673976,-116.6260689,easyaviso,2025-09-27 22:24:19.403530,
casa en preventa en fracc. residencial diamante ensenada b.c,11011117.5,350.0,2.0,4.0,31.8182309347,-116.5912007123,easyaviso,2025-09-27 22:24:19.403530,31460.335714285713
versatil propiedad en venta san antonio de las minas,2362151.25,851.0,,,32.0307144,-116.6566935,easyaviso,2025-09-27 22:24:19.403530,2775.7358989424206
venta de casa en juan diego residencial,3500000.0,179.0,5.0,4.0,31.8771279,-116.6534989,easyaviso,2025-09-27 22:24:19.403530,19553.072625698325
casa en venta en ensenada baja california,14522175.0,450.0,3.0,4.0,31.8369786579,-116.6038644936,easyaviso,2025-09-27 22:24:19.403530,32271.5
departamento en venta en ensenada baja california.,7280265.410775,,,,25.7847745,-100.430616,easyaviso,2025-09-27 22:24:19.403530,
departamento en venta e n ensenada baja california.,9882432.0,383.31,,,32.0853515345,-116.8846400094,easyaviso,2025-09-27 22:24:19.403530,25781.826719887296
departamento en ensenada baja california.,7818767.880525,136.08,2.0,2.0,31.8315843,-116.6090624,easyaviso,2025-09-27 22:24:19.403530,57457.14197916666
departamento en ensenada baja california.,250000.0,200.0,,,23.0628329,-109.6952876,easyaviso,2025-09-27 22:24:19.403530,1250.0
departamento en ensenada baja california.,3500000.0,179.0,2.0,4.0,31.8771279,-116.6534989,easyaviso,2025-09-27 22:24:19.403530,19553.072625698325
casa de campo en venta,5055187.5,220.0,3.0,4.0,31.7858247,-116.6096395,easyaviso,2025-09-27 22:24:19.403530,22978.125
casa residencial en venta,3350000.0,194.0,2.0,3.0,31.8725625,-116.6629533,easyaviso,2025-09-27 22:24:19.403530,17268.0412371134
ampliacion moderna  departamento en venta  ensenada,3200000.0,130.0,3.0,2.0,31.7849958,-116.6091617,easyaviso,2025-09-27 22:24:19.403530,24615.384615384617
casa con depto. en venta en fracc. pedregal playitas ensenada baja california,1000000.0,249.0,,,31.873826,-116.6449592,easyaviso,2025-09-27 22:24:19.403530,4016.0642570281125
casa en venta en playas de chapultepec ensenada b.c,1000000.0,249.0,,,31.8715505,-116.6418488,easyaviso,2025-09-27 22:24:19.403530,4016.0642570281125
condominio de lujo frente al mar,4044150.0,115.0,2.0,3.0,31.8126782,-116.5913622,easyaviso,2025-09-27 22:24:19.403530,35166.52173913043
casa amueblada modelo azur en vinedos del mar,4595625.0,580.0,,,31.8710660423,-116.6716772318,easyaviso,2025-09-27 22:24:19.403530,7923.491379310345
venta  8 ha  parcela  salitral,2022075.0,,,,31.8866149074,-116.5979848434,easyaviso,2025-09-27 22:24:19.403530,
1 ha  las arboledas  5 min de libramento ensenada,2297812.5,500.0,,,31.7867128071,-116.5697196122,easyaviso,2025-09-27 22:24:19.403530,4595.625
en venta estacionamiento aclientado en ensenada,3300000.0,301.51,2.0,3.0,31.0940346,-116.1914852,easyaviso,2025-09-27 22:24:19.403530,10944.910616563298
casa de dos pisos amueblada a una cuadra de estero beach,52849687.5,251.2,8.0,10.0,31.988677467,-116.6793751717,easyaviso,2025-09-27 22:24:19.403530,210388.88335987262
casa en venta  revolucion,1284936.75,300.0,,,32.0550811603,-116.8664646201,easyaviso,2025-09-27 22:24:19.403530,4283.1225
hacienda san jose  propiedad comercial a la venta en el valle de guadalupe,950000.0,255.0,,,31.8695148,-116.6398586,easyaviso,2025-09-27 22:24:19.403530,3725.4901960784314
lot 22 colinas de puerto salina,2490000.0,85.0,,2.0,31.8830936,-116.6186995,easyaviso,2025-09-27 22:24:19.403530,29294.117647058825
se vende casa centrica 2490000,5600000.0,238.0,2.0,3.0,31.8448646,-116.6020234,easyaviso,2025-09-27 22:24:19.403530,23529.41176470588
casa en venta,3400762.5,385.0,,,32.021662711,-116.868750295,easyaviso,2025-09-27 22:24:19.403530,8833.14935064935
amplia y bonita casa centrica,3950000.0,,2.0,2.0,31.8393131,-116.6060281,easyaviso,2025-09-27 22:24:19.403530,
penthouse al norte de ensenada,1588248.0,920.0,,,32.0956281,-116.572572,easyaviso,2025-09-27 22:24:19.403530,1726.3565217391304
venta departamento vista al mar,5350000.0,150.0,2.0,3.0,31.8877426,-116.6814426,easyaviso,2025-09-27 22:24:19.403530,35666.666666666664
amplia casa en excelente fraccionamiento.,1521280.5525,615.0,,,31.7322424832,-116.5799443238,easyaviso,2025-09-27 22:24:19.403530,2473.6269146341465
casa en privada con vista al mar,6000000.0,,,,31.8707995,-116.642908,easyaviso,2025-09-27 22:24:19.403530,
venta de casa en 6000000 m.n,390000.0,30.0,,,32.0956281,-116.572572,easyaviso,2025-09-27 22:24:19.403530,13000.0
oportunidad inversion,17647200.0,,4.0,5.0,31.8762717,-116.6296224,easyaviso,2025-09-27 22:24:19.403530,
residencia col. azteca ensenada b. c.,16544250.0,500.0,,,32.0996533,-116.5798062,easyaviso,2025-09-27 22:24:19.403530,33088.5
casa en venta en punta piedra ensenada,6755568.75,170.0,2.0,3.0,31.865716,-116.6621833,easyaviso,2025-09-27 22:24:19.403530,39738.63970588235
casa en venta en punta piedra ensenada,2757375.0,500.0,,,31.8667427,-116.5963713,easyaviso,2025-09-27 22:24:19.403530,5514.75
casa en venta en punta piedra ensenada,2132370.0,464.0,,,31.8725693328,-116.6667644684,easyaviso,2025-09-27 22:24:19.403530,4595.625
casa en venta punta piedra ensenada,882.36,,,,32.0956281,-116.572572,easyaviso,2025-09-27 22:24:19.403530,
vista al mar  464 m2  colina serenidad  pp,8200000.0,223.0,3.0,4.0,31.8679339,-116.6337374,easyaviso,2025-09-27 22:24:19.403530,36771.30044843049
valle de guadalupe,5700000.0,,,,31.8841069,-116.610004,easyaviso,2025-09-27 22:24:19.403530,
torre de condos yacht point en puerto salina,3350000.0,180.0,3.0,4.0,31.8886363,-116.5949354,easyaviso,2025-09-27 22:24:19.403530,18611.11111111111
se vende casa en comercial chapultepec zona norte,1000000.0,249.0,,,31.8767054,-116.6501246,easyaviso,2025-09-27 22:24:19.403530,4016.0642570281125
departamento con vista al mar en pacifica.,2518402.5,,,,32.0956281,-116.572572,easyaviso,2025-09-27 22:24:19.403530,
lomas de valle verde,12849.3675,220.0,,,31.9835258687,-116.7825521698,easyaviso,2025-09-27 22:24:19.403530,58.40621590909091
casa en chapultepec sin amueblar,17463375.0,100.0,,,31.8638605,-116.6280606,easyaviso,2025-09-27 22:24:19.403530,174633.75
venta cabanas en valle de guadalupe.,3950000.0,100.0,2.0,2.0,31.9153162091,-116.6901489236,easyaviso,2025-09-27 22:24:19.403530,39500.0
casa nueva en venta el campanario 1230000.00 preventa,1800000.0,,,2.0,31.7782955,-116.5897439,easyaviso,2025-09-27 22:24:19.403530,
se vende casa en esquina en loma dorada,2205900.0,480.0,,,32.092408,-116.8503918,easyaviso,2025-09-27 22:24:19.403530,4595.625
vista al oceano  comunidad cerrada la mision,3500000.0,136.0,3.0,3.0,31.8515566,-116.5671318,easyaviso,2025-09-27 22:24:19.403530,25735.29411764706
vizcaino la mision,6824000.0,262.0,2.0,3.0,31.8709456679,-116.6582677561,easyaviso,2025-09-27 22:24:19.403530,26045.801526717558
la mision etc. km 70,2922817.5,71.0,,2.0,32.0769334,-116.5745665,easyaviso,2025-09-27 22:24:19.403530,41166.44366197183
casa en venta en granjas el gallo,7353000.0,400.0,6.0,7.0,31.9677902,-116.6602628,easyaviso,2025-09-27 22:24:19.403530,18382.5
casa nueva en venta  privada altamar fracc. coronitas ensenada b.c.,9742725.0,450.0,3.0,4.0,31.8813676,-116.6220638,easyaviso,2025-09-27 22:24:19.403530,21650.5
venta  casa en valle de guadalupe,4136062.5,35.0,,,32.0979178087,-116.5999174118,easyaviso,2025-09-27 22:24:19.403530,118173.21428571429
venta de propiedad con 6 cabanas  valle de guadalupe,290000.0,193.79,,,31.8102728,-116.594897,easyaviso,2025-09-27 22:24:19.403530,1496.4652458847206
casa  empleados,10661850.0,893.59,,,31.965445,-116.646471,easyaviso,2025-09-27 22:24:19.403530,11931.478642330374
hotel boutique en valle guadalupe carretera a tkt 6500000.00,3679716.9375,355.0,,,32.0382750528,-116.6501292206,easyaviso,2025-09-27 22:24:19.403530,10365.399823943662
casa en venta en valle de guadalupe fracc. los olivos,3687529.5,360.0,,,32.0373551991,-116.6490507682,easyaviso,2025-09-27 22:24:19.403530,10243.1375
venta de casa en vinedos del mar  el sauzal ensenada,5850000.0,440.0,3.0,5.0,31.7680388,-116.5698336,easyaviso,2025-09-27 22:24:19.403530,13295.454545454546
venta de casa 5 rec amplio patio col. domingo luna,2830905.0,530.46,,,32.0956281,-116.572572,easyaviso,2025-09-27 22:24:19.403530,5336.698337292161
venta de estudio de 1 nivel en fracc. pedregal playitas,6047842.5,172.0,2.0,2.0,32.0852379979,-116.8821071954,easyaviso,2025-09-27 22:24:19.403530,35161.875
casa en venta en punta piedra ensenada,4136062.5,500.0,,,32.0980592,-116.5783903,easyaviso,2025-09-27 22:24:19.403530,8272.125
casa en venta en punta piedra ensenada,20220750.0,890.0,3.0,3.0,31.8795212,-116.622962,easyaviso,2025-09-27 22:24:19.403530,22719.94382022472
casa en venta en punta piedra ensenada,61594007.454,671.8,,,32.0787928892,-116.5712070197,easyaviso,2025-09-27 22:24:19.403530,91685.03640071451
casa y departamentos en venta en ensenada,65441700.0,0.0,,,31.7097319235,-116.649055481,easyaviso,2025-09-27 22:24:19.403530,inf
departamento en venta en ensenada viento,4110336.19125,453.35,,,32.0946281,-116.573572,easyaviso,2025-09-27 22:24:19.403530,9066.584738612552
departamento en venta en ensenada viento,82721250.0,0.0,,,31.8524455,-116.5881867,easyaviso,2025-09-27 22:24:19.403530,inf
departamento en venta en ensenada viento,15119606.25,900.0,,,32.0677777,-116.6545272,easyaviso,2025-09-27 22:24:19.403530,16799.5625
residencia de lujo en bajamar country con vista al mar  ensenada,3060686.25,271.0,,,32.0924044,-116.8448458,easyaviso,2025-09-27 22:24:19.403530,11294.04520295203
bonita casa en venta en lomas de san marino,1350000.0,34.0,,,31.9055374,-116.5853139,easyaviso,2025-09-27 22:24:19.403530,39705.882352941175
casa en venta en el valle de guadalupe,27573750.0,505.0,23.0,8.0,32.0956281,-116.572572,easyaviso,2025-09-27 22:24:19.403530,54601.485148514854
departamentos en venta en vinedos del mar,15625125.0,800.0,,,31.5563401,-116.4070768,easyaviso,2025-09-27 22:24:19.403530,19531.40625
en venta rancho en ensenada,1200000.0,220.0,,,31.8771243,-116.6511532,easyaviso,2025-09-27 22:24:19.403530,5454.545454545455
rancho en venta con produccion de uva,2500000.0,110.0,2.0,3.0,31.8118989,-116.5870224,easyaviso,2025-09-27 22:24:19.403530,22727.272727272728
casa en venta en ensenada baja california,1200000.0,220.0,,,31.8771243,-116.6511532,easyaviso,2025-09-27 22:24:19.403530,5454.545454545455
departamento en venta en catavina ii ensenada,2300000.0,128.25,,3.0,31.9029299,-116.58516,easyaviso,2025-09-27 22:24:19.403530,17933.723196881092
venta departamento en los laureles.   atencion inversionistas,7900000.0,291.12,3.0,3.0,31.7669197,-116.5198744,easyaviso,2025-09-27 22:24:19.403530,27136.57598241275
casa en venta,5200000.0,251.0,3.0,4.0,31.870683,-116.5704585,easyaviso,2025-09-27 22:24:19.403530,20717.131474103586
casa nueva en venta 4600000.00 contado,1600000.0,364.74,,,31.7889531,-116.5612779,easyaviso,2025-09-27 22:24:19.403530,4386.686406755497
casa en baja country club al sur de ensenada,3000000.0,,,2.0,31.8557021,-116.6057392,easyaviso,2025-09-27 22:24:19.403530,
amplia propiedad 5200000.00,7650000.0,,4.0,4.0,31.8244708,-116.6010534,easyaviso,2025-09-27 22:24:19.403530,
casa en venta,3676500.0,300.0,,,31.8606668,-116.62537,easyaviso,2025-09-27 22:24:19.403530,12255.0
hacienda en venta en carretera a ojos negros ensenada baja california,2941200.0,79.96,2.0,2.0,31.9153607,-116.6923713,easyaviso,2025-09-27 22:24:19.403530,36783.391695847924
condominio nuevo cerca de la playa y el valle de guadalupe,505518.75,210.0,,,31.8792363768,-116.5716712517,easyaviso,2025-09-27 22:24:19.403530,2407.2321428571427
penthouse en venta en pacifica penthouse for sale,6893437.5,196.5,4.0,3.0,32.1055079477,-116.5623439863,easyaviso,2025-09-27 22:24:19.403530,35081.10687022901
casa prima luz  home for sale in the gudalupe valley ensenada,5514750.0,227.32,3.0,4.0,31.875012,-116.6389129,easyaviso,2025-09-27 22:24:19.403530,24259.85395037832
departamento en venta en vinedos del mar,5147100.0,,,,31.8807346937,-116.6838683362,easyaviso,2025-09-27 22:24:19.403530,
vinedo a la venta en valle de guadalupe  rancho cien piedras,4411800.0,563.0,,,31.9869208853,-116.6328506107,easyaviso,2025-09-27 22:24:19.403530,7836.234458259325
departamentos en venta en viento residencial,1200000.0,,,2.0,31.7685019334,-116.5577720851,easyaviso,2025-09-27 22:24:19.403530,
oportunidad unica en san antonio de las minas,6121372.5,0.0,,,31.9883480647,-116.6288694506,easyaviso,2025-09-27 22:24:19.403530,inf
venta condominio en catavina 1 puerta del mar ensenada,3957000.0,123.0,2.0,2.0,31.8854094,-116.6327432,easyaviso,2025-09-27 22:24:19.403530,32170.731707317074
casa en venta en baja country club ensenada,9589598.775,249.0,,3.0,31.8567021,-116.6047392,easyaviso,2025-09-27 22:24:19.403530,38512.44487951807
tu casa de ensueno cerca del mar,4950000.0,155.0,2.0,3.0,31.8524279,-116.5961379,easyaviso,2025-09-27 22:24:19.403530,31935.483870967742
tu casa de ensueno cerca del mar,2389725.0,253.66,,,32.0537002,-116.8814595,easyaviso,2025-09-27 22:24:19.403530,9420.976898210203
casa nueva en buenaventura,530000.0,,,,31.0950346,-116.1904852,easyaviso,2025-09-27 22:24:19.403530,
casa en fraccionamiento privado modelo garza,4950000.0,155.0,2.0,3.0,31.8524279,-116.5961379,easyaviso,2025-09-27 22:24:19.403530,31935.483870967742
casa en venta,5296500.0,137.72,2.0,3.0,31.8525361,-116.6075331,easyaviso,2025-09-27 22:24:19.403530,38458.46645367412
casa nueva en ensenada,9000000.0,230.0,2.0,3.0,31.8760677,-116.6181231,easyaviso,2025-09-27 22:24:19.403530,39130.434782608696
tu casa nueva cerca del valle de guadalupe,6323580.0,220.0,2.0,3.0,31.7846708,-116.6015466,easyaviso,2025-09-27 22:24:19.403530,28743.545454545456
tu casa en ensenada,9191231.6175,155.0,3.0,3.0,32.4628466096,-117.1101400268,easyaviso,2025-09-27 22:24:19.403530,59298.2685
casa playa ensenada,6250050.0,141.64,2.0,4.0,31.8719796,-116.6278364,easyaviso,2025-09-27 22:24:19.403530,44126.306128212374
casa chapultepec ensenada,4500000.0,195.0,3.0,3.0,31.8827997,-116.6211689,easyaviso,2025-09-27 22:24:19.403530,23076.923076923078
departamento con vista al mar,2702227.5,108.87,2.0,3.0,31.819016,-116.5946287,easyaviso,2025-09-27 22:24:19.403530,24820.68062827225
compra tu casa en ryerson ensenada,520129.0,599.0,,,31.8459382,-116.6097686,easyaviso,2025-09-27 22:24:19.403530,868.3288814691152
casa centrica en ensenada,2450000.0,197.0,2.0,4.0,31.8817217,-116.6442806,easyaviso,2025-09-27 22:24:19.403530,12436.548223350253
tu nuevo hogar en ensenada valle dorado,2180000.0,94.0,2.0,3.0,31.8817217,-116.6442806,easyaviso,2025-09-27 22:24:19.403530,23191.489361702126
vive tus suenos frente al mar,3200000.0,130.0,2.0,3.0,31.8606419,-116.5794164,easyaviso,2025-09-27 22:24:19.403530,24615.384615384617
hermosa casa en priva en ensenada,4852450.0,133.78,3.0,3.0,31.8540144,-116.6080271,easyaviso,2025-09-27 22:24:19.403530,36271.8642547466
tu departamento frente la playa,3500000.0,120.0,2.0,2.0,31.8464581,-116.5928305,easyaviso,2025-09-27 22:24:19.403530,29166.666666666668
tu nuevo departamento en ensenada,5296500.0,137.72,,2.0,32.5543373,-116.0390126,easyaviso,2025-09-27 22:24:19.403530,38458.46645367412
tu nueva casa en ensenada,4200000.0,135.0,2.0,3.0,31.8897342,-116.6864251,easyaviso,2025-09-27 22:24:19.403530,31111.11111111111
tu nueva casa en ensenada,4130000.0,139.9,2.0,2.0,31.8391529,-116.6051764,easyaviso,2025-09-27 22:24:19.403530,29521.086490350248
casa en venta en el sauzal ensenada,4560000.0,154.45,2.0,3.0,31.8391529,-116.6051764,easyaviso,2025-09-27 22:24:19.403530,29524.117837487862
vive en el corazon de ensenada,6075416.25,141.64,3.0,3.0,31.8617881,-116.6023167,easyaviso,2025-09-27 22:24:19.403530,42893.36522168879
tu casa en ensenada,220000.0,200.0,,,31.8698185,-116.632613,easyaviso,2025-09-27 22:24:19.403530,1100.0
tu casa en ensenada,3300000.0,160.0,2.0,3.0,31.8613209,-116.5720639,easyaviso,2025-09-27 22:24:19.403530,20625.0
ensenada preventa casa en zona centrica,3216937.5,500.0,,,32.0956281,-116.572572,easyaviso,2025-09-27 22:24:19.403530,6433.875
casa en venta en ensenada baja california.,286000.0,,,,32.100357,-116.5802068,easyaviso,2025-09-27 22:24:19.403530,
venta de casa en ensenada,4853000.0,133.78,2.0,3.0,31.9145957393,-116.6916498248,easyaviso,2025-09-27 22:24:19.403530,36275.97548213485
casa en venta en residencial vinedos del mar,1500000.0,400.0,3.0,5.0,31.7365712954,-116.5682458878,easyaviso,2025-09-27 22:24:19.403530,3750.0
casa en el porvenir en ventahouse for sale with large land,350000.0,434.0,,,31.7182323,-116.5707177,easyaviso,2025-09-27 22:24:19.403530,806.4516129032259
aura ocean living condominio en venta frente al mar,88677757.0,552.05,,,31.8780171,-116.5809185,easyaviso,2025-09-27 22:24:19.403530,160633.5603659089
tierra santa ej porvenir quintas campestre 1600000.00 solo de contado,13000000.0,0.0,,,31.8501535,-116.602895,easyaviso,2025-09-27 22:24:19.403530,inf
casa en venta fracc. mar,1800000.0,48.0,,,31.7319495638,-116.5689969063,easyaviso,2025-09-27 22:24:19.403530,37500.0
casa en col. gomez morin,1450000.0,243.0,,,31.6121009,-115.889852,easyaviso,2025-09-27 22:24:19.403530,5967.078189300411
departamento en venta en ensenada,3700000.0,242.0,2.0,3.0,31.8471496,-116.5700378,easyaviso,2025-09-27 22:24:19.403530,15289.256198347108
casa en ventapraderas del cipres,2000000.0,,4.0,3.0,31.8679339,-116.6337374,easyaviso,2025-09-27 22:24:19.403530,
casa en venta,1000000.0,200.0,,2.0,31.7314157458,-116.6187572479,easyaviso,2025-09-27 22:24:19.403530,5000.0
casa vacacional en ensenada b. c.,2196708.75,250.0,,,31.8525687,-116.5865593,easyaviso,2025-09-27 22:24:19.403530,8786.835
casa vacacional en ensenada b. c.,3250000.0,79.96,2.0,2.0,31.8895109,-116.6914122,easyaviso,2025-09-27 22:24:19.403530,40645.32266133067
casa de campo en venta  beautiful country house for sale,3600000.0,200.0,8.0,3.0,31.6796786964,-116.518168917,easyaviso,2025-09-27 22:24:19.403530,18000.0
casa de 1 piso,1060000.0,495.0,,,31.8788616,-116.6380624,easyaviso,2025-09-27 22:24:19.403530,2141.4141414141413
2500000,6000000.0,186.0,3.0,6.0,31.8544963,-116.6098108,easyaviso,2025-09-27 22:24:19.403530,32258.064516129034
venta de casa en buenaventura ensenada b.c.,4490000.0,180.0,2.0,4.0,31.7875063121,-116.5952844436,easyaviso,2025-09-27 22:24:19.403530,24944.444444444445
casa  1 piso y 6 recamaras,4500000.0,159.0,3.0,3.0,31.9143651,-116.6913975,easyaviso,2025-09-27 22:24:19.403530,28301.88679245283
hermosa  casa  cerca a hospital 4650000m.n,349267.5,0.0,,,32.0956281,-116.572572,easyaviso,2025-09-27 22:24:19.403530,inf
casa en venta,3800000.0,122.0,,3.0,31.786831,-116.5906097,easyaviso,2025-09-27 22:24:19.403530,31147.54098360656
se vende casa nueva en el sauzal fracc. vinedos del mar.,1838250.0,0.0,,,32.0950605,-116.5681785,easyaviso,2025-09-27 22:24:19.403530,inf
casa timoty en venta en maneadero,5250000.0,307.44,2.0,3.0,31.8870029,-116.5954211,easyaviso,2025-09-27 22:24:19.403530,17076.50273224044
casa en venta,413606.25,500.0,,,32.0968829,-116.5619554,easyaviso,2025-09-27 22:24:19.403530,827.2125
casa en venta  lomas de valle verde,3400000.0,143.5,3.0,3.0,31.7849613,-116.5998539,easyaviso,2025-09-27 22:24:19.403530,23693.379790940766
casa en venta  colonia hidalgo,12775837.5,448.0,4.0,5.0,31.7851848,-116.5890129,easyaviso,2025-09-27 22:24:19.403530,28517.49441964286
casa teka  ejido chapultepec,1123000.0,518.0,,,31.8595443,-116.597068,easyaviso,2025-09-27 22:24:19.403530,2167.953667953668
casa de lujo amueblada con vista al mar en punta piedra baja california,321693.75,200.0,,,30.5270054,-115.9303506,easyaviso,2025-09-27 22:24:19.403530,1608.46875
casa en venta en ensenada baja california,3500000.0,,2.0,3.0,31.8706647,-116.6618701,easyaviso,2025-09-27 22:24:19.403530,
casa en venta fracc siena residencial,500000.0,,,,31.8884785405,-116.6374254792,easyaviso,2025-09-27 22:24:19.403530,
casa en venta en ensenada cerca del centro,1746337.5,312.0,,,31.8312375303,-116.5864200765,easyaviso,2025-09-27 22:24:19.403530,5597.235576923077
ventas de casas en privada vinedos del mar,300000.0,200.0,,,31.8835486,-116.6245836,easyaviso,2025-09-27 22:24:19.403530,1500.0
casa con alberca y amplio jardin en playas de chapultepec en ensenada b c,4130033.04,12.0,,,31.965445,-116.646471,easyaviso,2025-09-27 22:24:19.403530,344169.42
casa en ventavillas de san miguel,700000.0,964.0,,,31.8875027,-116.6391216,easyaviso,2025-09-27 22:24:19.403530,726.1410788381743
lomas del campanario casa monaco,6783142.5,300.0,3.0,3.0,31.9711224812,-116.626213789,easyaviso,2025-09-27 22:24:19.403530,22610.475
communidad de campo de golf casa de un solo nivel de 4 dormitorios,919125.0,167.9,,,31.7867212,-116.6062931,easyaviso,2025-09-27 22:24:19.403530,5474.240619416319
casa en venta av. san antonio de las minas en ensenada mexico,3250000.0,186.0,3.0,5.0,31.8494441341,-116.570392743,easyaviso,2025-09-27 22:24:19.403530,17473.11827956989
preventa casa en ej chapultepec,700000.0,500.0,,,31.5543401,-116.4090768,easyaviso,2025-09-27 22:24:19.403530,1400.0
casa de 3 niveles con terraza vista al mar,1838250.0,0.0,,,31.9882705052,-116.6788042601,easyaviso,2025-09-27 22:24:19.403530,inf
terro de 1000m2 en san antonio de las minas,6300000.0,250.0,3.0,3.0,31.7667582111,-116.5359223791,easyaviso,2025-09-27 22:24:19.403530,25200.0
casa frente al mar en fracc loma dorada,1852956.0,,,,32.0956959146,-116.573101009,easyaviso,2025-09-27 22:24:19.403530,
preventa casa en fracc baja country club,4495219.785,493.4,,,32.0966281,-116.571572,easyaviso,2025-09-27 22:24:19.403530,9110.700820835023
preventa casa con terraza vista al mar,9191250.0,300.0,2.0,3.0,32.0956281,-116.572572,easyaviso,2025-09-27 22:24:19.403530,30637.5
casa en venta 1075m2 valle de guadalupe,1654425.0,293.0,,,31.8716483,-116.6509134,easyaviso,2025-09-27 22:24:19.403530,5646.5017064846415
MAGNiFICA RESIDENCIA EN VENTA COL. AZTECA,5500000000.0,257.0,2.0,3.0,31.8704215,-116.6208047,easyaviso,2025-09-27 22:24:19.403530,21400778.210116733
vinedo en venta fco zarco valle de guadalupe ensenada b.c.,4500000.0,156.0,3.0,4.0,31.86785,-116.5823939,easyaviso,2025-09-27 22:24:19.403530,28846.153846153848
venta de departamento en ensenada,4200000.0,135.0,2.0,3.0,31.8893702,-116.6859696,easyaviso,2025-09-27 22:24:19.403530,31111.11111111111
se vende casa en la calle 9  ideal para comercio zona centro ensenada b.c.,8547844.1175,422.0,3.0,3.0,32.0970316426,-116.8771666288,easyaviso,2025-09-27 22:24:19.403530,20255.554780805687
vivienda en venta ensenada  el sauzal,9650812.5,,4.0,5.0,32.092408,-116.8503918,easyaviso,2025-09-27 22:24:19.403530,
casa grande con vistas al mar y al estuario en la mision,5512911.75,,2.0,3.0,32.092408,-116.8503918,easyaviso,2025-09-27 22:24:19.403530,
casa moderna con vista al mar en venta en ensenada  a solo pasos de la playa,9007425.0,145.0,2.0,3.0,31.8717279,-116.6126993,easyaviso,2025-09-27 22:24:19.403530,62120.1724137931
la mision suite 333 calle vizcaino,1900000.0,122.0,2.0,2.0,31.7360945,-116.5723515,easyaviso,2025-09-27 22:24:19.403530,15573.77049180328
la mision suite 68,5250000.0,500.0,2.0,2.0,31.8290317,-116.5991117,easyaviso,2025-09-27 22:24:19.403530,10500.0
juan maria salvatierra suite 352,5744531.25,502.0,,,31.7985138,-116.5898431,easyaviso,2025-09-27 22:24:19.403530,11443.289342629481
casa de una planta en venta en maneadero parte baja,6000000.0,,,,31.7233782247,-116.5735964017,easyaviso,2025-09-27 22:24:19.403530,
casa en venta en ensenda baja california.,3300000.0,125.0,,3.0,31.8531316,-116.5707089,easyaviso,2025-09-27 22:24:19.403530,26400.0
fincarancho  comercial en venta,13786875.0,0.0,,,31.986304,-116.6369106,easyaviso,2025-09-27 22:24:19.403530,inf
casa en venta en ensenada baja california,200000.0,200.0,,,31.8638888,-116.5488888,easyaviso,2025-09-27 22:24:19.403530,1000.0
casa en venta en residencial vinedos del mar,2900000.0,170.0,2.0,3.0,31.8847365937,-116.5894567966,easyaviso,2025-09-27 22:24:19.403530,17058.823529411766
lujosa casa en venta nueva modelo halcon,459.5625,0.0,,,31.965445,-116.646471,easyaviso,2025-09-27 22:24:19.403530,inf
a  la venta solo contado,3300000.0,184.0,2.0,3.0,31.8835855,-116.5860511,easyaviso,2025-09-27 22:24:19.403530,17934.782608695652
casa en preventa indeco lomitas,1800000.0,,,2.0,31.9018248,-116.5753427,easyaviso,2025-09-27 22:24:19.403530,
rancho media luna  invierte en tu paraiso natural,1375000.0,528.64,,,31.8698185,-116.632613,easyaviso,2025-09-27 22:24:19.403530,2601.0139225181597
casa en venta en villas del cedro 1800000.00 solo de contado,650000.0,448.32,,,31.9019113,-116.547363,easyaviso,2025-09-27 22:24:19.403530,1449.857244825125
bonito apartamento en venta,1100000.0,200.0,,,31.8973941,-116.5626533,easyaviso,2025-09-27 22:24:19.403530,5500.0
propiedad en lomas de san antonio valle de guadalupe,3639798.0,73.68,2.0,2.0,31.8895109,-116.6914122,easyaviso,2025-09-27 22:24:19.403530,49400.081433224754
azur  vinedos del mar,2500000.0,,2.0,5.0,31.7694965,-116.5597588,easyaviso,2025-09-27 22:24:19.403530,
palomino  vinedos del mar,6107934.8925,,,,31.9143338092,-116.5943891036,easyaviso,2025-09-27 22:24:19.403530,
casa en ventagranjas del gallo,1950000.0,200.0,3.0,3.0,31.8921200582,-116.5807360644,easyaviso,2025-09-27 22:24:19.403530,9750.0
casa en venta  fracc. ventto ensenada b.c.,9400000.0,350.0,4.0,4.0,31.8252132,-116.6040969,easyaviso,2025-09-27 22:24:19.403530,26857.14285714286
casa moderna de un solo piso en bajamar  3 recamaras 3 banos,250000.0,0.0,,,31.9064141,-116.7257612,easyaviso,2025-09-27 22:24:19.403530,inf
venta de casas en  privada residencial quetzal ensenada b.c.,7511365.2375,817.0,,,32.0846443844,-116.8834224171,easyaviso,2025-09-27 22:24:19.403530,9193.8375
casa en privada isla coronado,29800000.0,900.0,9.0,6.0,31.8829334,-116.6250811,easyaviso,2025-09-27 22:24:19.403530,33111.11111111111
lujosa casa en venta ubicada en fracc. empleados,12500100.0,194.0,2.0,3.0,31.8668042,-116.6636783,easyaviso,2025-09-27 22:24:19.403530,64433.50515463918
casa en venta ubicada en colinas del golfo,4500000.0,225.0,3.0,4.0,31.867690229,-116.5823664685,easyaviso,2025-09-27 22:24:19.403530,20000.0
venta de departamento en torre barlovento frente al mar  ens. b.c.,1194862.5,394.0,,,32.0523168165,-116.8763778443,easyaviso,2025-09-27 22:24:19.403530,3032.645939086294
casa adosada en ensenada,3492675.0,294.0,3.0,3.0,31.7130662514,-116.65465546,easyaviso,2025-09-27 22:24:19.403530,11879.84693877551
casa en venta  popular 2,919125.0,600.0,,,32.061246609,-116.6182656625,easyaviso,2025-09-27 22:24:19.403530,1531.875
opportunity in valle de guadalupe,400000.0,200.0,,,31.8025247099,-116.577491216,easyaviso,2025-09-27 22:24:19.403530,2000.0
propiedad con construccion en proceso,2336415.75,588.44,,,31.9114113294,-116.7133265734,easyaviso,2025-09-27 22:24:19.403530,3970.525032288763
departamento en preventa enalto,2357555.625,225.0,,,32.0037591011,-116.862024581,easyaviso,2025-09-27 22:24:19.403530,10478.025
1000 m2 exclusiva comunidad privada. valle de guadalupe,900742.5,136.0,,,32.0666832191,-116.8765068054,easyaviso,2025-09-27 22:24:19.403530,6623.106617647059
casa en venta,5300000.0,137.72,2.0,2.0,31.8525361,-116.6075331,easyaviso,2025-09-27 22:24:19.403530,38483.88033691548
casa en venta modelo azur,5950000.0,137.72,2.0,3.0,31.8557021,-116.6057392,easyaviso,2025-09-27 22:24:19.403530,43203.60151031078
casa nueva en venta ampliacion marquez de leon,1011037.5,900.0,,,32.0956281,-116.572572,easyaviso,2025-09-27 22:24:19.403530,1123.375
casa en venta,270000.0,,,,31.7797838495,-116.5681286601,easyaviso,2025-09-27 22:24:19.403530,
casa en venta cerca de plaza sendero,6500000.0,375.0,,,32.0986281,-116.569572,easyaviso,2025-09-27 22:24:19.403530,17333.333333333332
casa en venta modelo alca,6516000.0,177.44,2.0,3.0,31.8902222,-116.6799248,easyaviso,2025-09-27 22:24:19.403530,36722.27231740307
cabana totalmente equipada,7377687.6975,172.0,2.0,2.0,32.0839022,-116.8810433,easyaviso,2025-09-27 22:24:19.403530,42893.533125
hotel boutique a pocos metros de carretera rumbo a ruta del vino,644189.0,495.53,,,31.8431972,-116.5687778,easyaviso,2025-09-27 22:24:19.403530,1300.0
casa en venta modelo pardela,1911780.0,600.0,,,32.0976281,-116.570572,easyaviso,2025-09-27 22:24:19.403530,3186.3
tu casa de ensueno cerca del mar,41820187.5,,,,31.881812,-116.5716523,easyaviso,2025-09-27 22:24:19.403530,
bonita casa en venta en colinas del sauzal,6300000.0,210.57,2.0,3.0,31.8892222,-116.6809248,easyaviso,2025-09-27 22:24:19.403530,29918.79185069098
bonita casa en venta en colinas del sauzal,5200000.0,219.0,3.0,5.0,31.8620842046,-116.6071093388,easyaviso,2025-09-27 22:24:19.403530,23744.29223744292
bonita casa en venta en colinas del sauzal,11029500.0,478.0,,8.0,32.0301601833,-116.6403439635,easyaviso,2025-09-27 22:24:19.403530,23074.267782426778
casa en venta en colonia jalisco ensenada,10000.0,,3.0,2.0,32.0956281,-116.572572,easyaviso,2025-09-27 22:24:19.403530,
casa 335 en venta  andarez residencial,5330925.0,186.0,3.0,4.0,31.8799937,-116.6470558,easyaviso,2025-09-27 22:24:19.403530,28660.887096774193
casa 410 en venta   andarez residencial,11764800.0,215.0,,2.0,31.9078885,-116.723453,easyaviso,2025-09-27 22:24:19.403530,54720.0
promocion de preventa casa residencial san fernando,2850000.0,107.0,,2.0,31.8281067203,-116.5828219378,easyaviso,2025-09-27 22:24:19.403530,26635.51401869159
casa habitacion en privada isla coronado ensenada,3280000.0,145.0,2.0,3.0,31.8258053,-116.5876638,easyaviso,2025-09-27 22:24:19.403530,22620.689655172413
iconica residencia en venta en zona norte,8731687.5,230.0,3.0,3.0,32.0557002,-116.8794595,easyaviso,2025-09-27 22:24:19.403530,37963.858695652176
casa en pre venta en villa colonial,17463375.0,0.0,,16.0,32.0772777,-116.6257777,easyaviso,2025-09-27 22:24:19.403530,inf
hermosa casa completamente nueva  en venta en privada baikal i,3676500.0,140.0,,2.0,31.823063151,-116.6019849978,easyaviso,2025-09-27 22:24:19.403530,26260.714285714286
condominio  super amplio en venta desarrollo turistico puerto salina,6433875.0,207.68,2.0,3.0,31.8231188908,-116.6021143407,easyaviso,2025-09-27 22:24:19.403530,30979.75250385208
se vende propiedad habitacional multiple exclusivo en valle de guadalupe,530000.0,200.0,,2.0,31.8954818506,-116.5625279099,easyaviso,2025-09-27 22:24:19.403530,2650.0
casa en venta,551475.0,250.0,,,31.79,-116.4644444,easyaviso,2025-09-27 22:24:19.403530,2205.9
casa en venta,240000.0,458.0,,,31.2735739774,-116.3684338265,easyaviso,2025-09-27 22:24:19.403530,524.0174672489082
colinas de san angel  casa en venta  ensenada  1r 1 b,1150000.0,500.0,,,31.8071636763,-116.5730653374,easyaviso,2025-09-27 22:24:19.403530,2300.0
condominio en venta frente al mar  torre barlovento,2205900.0,,,,31.7223207,-116.5692941,easyaviso,2025-09-27 22:24:19.403530,
casa en venta,1011037.5,,,,31.8915626,-116.6225384,easyaviso,2025-09-27 22:24:19.403530,
departamento en venta,2573550.0,338.0,,,31.8716483,-116.6509134,easyaviso,2025-09-27 22:24:19.403530,7614.05325443787
casa en venta lomas de valle verde,2389725.0,457.0,,,31.8716483,-116.6509134,easyaviso,2025-09-27 22:24:19.403530,5229.157549234135
venta casa en punta piedra ensenada,1470600.0,800.0,,,31.7131989,-116.573388,easyaviso,2025-09-27 22:24:19.403530,1838.25
se vende espectacular propiedad en el valle de guadalupe,9099337.5,249.0,2.0,3.0,31.8951953,-116.563151,easyaviso,2025-09-27 22:24:19.403530,36543.52409638554
venta de casa en punta piedra ensenada,8547862.5,232.0,3.0,3.0,32.0876614982,-116.8778446731,easyaviso,2025-09-27 22:24:19.403530,36844.2349137931
casas en venta punta piedra la mision,5700000.0,96.5,,,31.8489382,-116.6067686,easyaviso,2025-09-27 22:24:19.403530,59067.35751295337
casas en venta en punta piedra la mision,1608468.75,500.0,,,32.1121486,-116.5524048,easyaviso,2025-09-27 22:24:19.403530,3216.9375
casa en venta,6400000.0,24.0,2.0,2.0,31.7832023,-116.6140064,easyaviso,2025-09-27 22:24:19.403530,266666.6666666667
casa en venta,3308850.0,300.0,,,31.8273364572,-116.6077179839,easyaviso,2025-09-27 22:24:19.403530,11029.5
departamentos en venta con local comercial,3500000.0,108.0,,2.0,31.8755731,-116.6009323,easyaviso,2025-09-27 22:24:19.403530,32407.40740740741
casa en venta en colonia piedras negras ensenada baja california,2757375.0,0.0,,,32.0956281,-116.572572,easyaviso,2025-09-27 22:24:19.403530,inf
casa en venta en col. benito juarez ensenada baja california,4100000.0,160.0,,3.0,31.8574192,-116.57753,easyaviso,2025-09-27 22:24:19.403530,25625.0
casa en venta col. hidalgo ensenada baja california,45956250.0,170.0,,3.0,31.8557021,-116.6057392,easyaviso,2025-09-27 22:24:19.403530,270330.8823529412
casa en venta,6801525.0,279.0,4.0,5.0,31.7673969072,-116.5187331489,easyaviso,2025-09-27 22:24:19.403530,24378.225806451614
casa en venta,7077262.5,,3.0,2.0,31.8395089,-116.6097319,easyaviso,2025-09-27 22:24:19.403530,
departametno en venta puerto salinas la marina ensenada,3280000.0,,2.0,3.0,30.5489734,-115.9246254,easyaviso,2025-09-27 22:24:19.403530,
casa en venta en fraccionamiento acapulco,11011117.5,720.0,,,31.7944335458,-116.5913903864,easyaviso,2025-09-27 22:24:19.403530,15293.21875
casa en venta,4852450.0,133.78,2.0,3.0,31.8495361,-116.6105331,easyaviso,2025-09-27 22:24:19.403530,36271.8642547466
casa en venta en vinedos del mar modelo azur,16360425.0,450.0,4.0,3.0,31.8689339,-116.6327374,easyaviso,2025-09-27 22:24:19.403530,36356.5
casa en venta en vinedos del mar modelo teide,3350000.0,125.0,2.0,3.0,31.8623209,-116.5710639,easyaviso,2025-09-27 22:24:19.403530,26800.0
casa en venta en cibolas del mar,19180000.0,390.0,3.0,4.0,31.8679339,-116.6337374,easyaviso,2025-09-27 22:24:19.403530,49179.48717948718
casa en venta en comercial chapultepec,9547530.0,248.0,3.0,3.0,32.2202898,-116.9149031,easyaviso,2025-09-27 22:24:19.403530,38498.104838709674
casa en venta en granjas el gallo,4852450.0,133.78,3.0,3.0,31.9178224611,-116.6929613555,easyaviso,2025-09-27 22:24:19.403530,36271.8642547466
casa en venta residencial mas exclusivo en ensenada,3650000.0,73.68,2.0,2.0,31.9182446928,-116.6917837183,easyaviso,2025-09-27 22:24:19.403530,49538.5450597177
casa en venta nueva en ensenada bajamar golf resort,4400000.0,118.75,2.0,3.0,31.8162811,-116.5870715,easyaviso,2025-09-27 22:24:19.403530,37052.63157894737
casa en venta  vinedos del mar,8419185.0,201.97,3.0,4.0,32.0835608589,-116.8797630072,easyaviso,2025-09-27 22:24:19.403530,41685.324553151455
departamentos en venta vinedos del mar,2000000.0,200.0,,,31.8523014,-116.5697749,easyaviso,2025-09-27 22:24:19.403530,10000.0
casa en venta zona sur puerta del mar,1819867.5,800.0,,,31.965445,-116.646471,easyaviso,2025-09-27 22:24:19.403530,2274.834375
casa moderna a estrenar con vistas al oceano en villas punta piedra,3450000.0,223.0,,,31.8924683,-116.585047,easyaviso,2025-09-27 22:24:19.403530,15470.852017937219
casa en venta   vinedos del mar,580000.0,120.0,,,31.9095002089,-116.6060596849,easyaviso,2025-09-27 22:24:19.403530,4833.333333333333
casa en venta en ex ejido chapultepec,2995000.0,109.12,2.0,3.0,31.866783613,-116.575101614,easyaviso,2025-09-27 22:24:19.403530,27446.84750733138
bonita y amplia casa en venta en chapultepec,7720650.0,400.0,,,31.7766835267,-116.5896606445,easyaviso,2025-09-27 22:24:19.403530,19301.625
casa en preventa en marquez de leon,3800000.0,170.0,2.0,3.0,31.8710105,-116.64343,easyaviso,2025-09-27 22:24:19.403530,22352.941176470587
casa en venta en bajamar b.c.,7812562.5,193.0,,,31.9861381435,-116.6369481493,easyaviso,2025-09-27 22:24:19.403530,40479.59844559585
pre venta de departamentos,14338350.0,360.0,3.0,3.0,32.0956281,-116.572572,easyaviso,2025-09-27 22:24:19.403530,39828.75
casa en venta,5330925.0,134.0,2.0,2.0,32.090664627,-116.6063868999,easyaviso,2025-09-27 22:24:19.403530,39783.022388059704
venta casa en fraccionamiento las lomas san antonio de las minas,1838250.0,0.0,,,31.965445,-116.646471,easyaviso,2025-09-27 22:24:19.403530,inf
venta de hermosa casa de campo quatro en la ruta del vino puerta natal,12867731.6175,,3.0,4.0,31.8699394,-116.6771934,easyaviso,2025-09-27 22:24:19.403530,
casa nueva en venta a un lado  de casa adobe guadalupe en valle de guadalupe,4200000.0,92.0,,2.0,31.8883109,-116.6809296,easyaviso,2025-09-27 22:24:19.403530,45652.17391304348
se vende encantadora residencia de estilo colonial frente al mar en ensenada ba,1562512.5,0.0,,,32.0956281,-116.572572,easyaviso,2025-09-27 22:24:19.403530,inf
casa de un piso en colinas del sauzal san quintin 313,1470600.0,275.0,,,31.8721870018,-116.642718186,easyaviso,2025-09-27 22:24:19.403530,5347.636363636364
exclusiva privada alta tierra   segunda etapa,8499000.0,371.0,4.0,5.0,31.8331485544,-116.5931753104,easyaviso,2025-09-27 22:24:19.403530,22908.355795148247
venta de casa 2 niveles villa del real 1,5330925.0,807.0,,,32.0370637801,-116.8749112091,easyaviso,2025-09-27 22:24:19.403530,6605.855018587361
venta de hermosa casa de campo brisa en la ruta del vino puerta natal,1102950.0,462.0,,,32.0361959269,-116.8756235016,easyaviso,2025-09-27 22:24:19.403530,2387.3376623376626
casa en venta,2205900.0,468.5,,,31.7822047,-116.6134143,easyaviso,2025-09-27 22:24:19.403530,4708.431163287087
mucho mas ...... que solo bienes raices,350000.0,200.0,,,31.8840989289,-116.5540455576,easyaviso,2025-09-27 22:24:19.403530,1750.0
desarrollo en venta,514710.0,297.0,,,31.6832022,-116.6044798,easyaviso,2025-09-27 22:24:19.403530,1733.030303030303
hectarea en venta,2750000.0,,2.0,2.0,31.7463125,-116.5740954,easyaviso,2025-09-27 22:24:19.403530,
casa en venta,200000.0,250.0,,,31.8557021,-116.6057392,easyaviso,2025-09-27 22:24:19.403530,800.0
casa de 3 niveles en venta,4950000.0,180.0,3.0,4.0,31.87994,-116.6470766,easyaviso,2025-09-27 22:24:19.403530,27500.0
departamentos en privada moderna residencial,12297892.5,,5.0,5.0,32.0168094,-116.8737509543,easyaviso,2025-09-27 22:24:19.403530,
casa en venta,7371382.5,172.0,2.0,2.0,32.0865930828,-116.881631756,easyaviso,2025-09-27 22:24:19.403530,42856.875
bajamar casa en venta bajamar house for sale,9595665.0,249.0,3.0,3.0,32.0865930828,-116.881631756,easyaviso,2025-09-27 22:24:19.403530,38536.80722891566
casa en venta en vinedos del mar ensenadab.c.,8216977.5,213.0,3.0,3.0,32.0865930828,-116.881631756,easyaviso,2025-09-27 22:24:19.403530,38577.359154929574
punta piedra mision  palmas  casa en preventa,2950000.0,579.68,,,31.7858247,-116.6096395,easyaviso,2025-09-27 22:24:19.403530,5089.014628760696
punta piedra mision  santo tomas  casa en preventa,8180212.5,232.0,3.0,3.0,32.0865930828,-116.881631756,easyaviso,2025-09-27 22:24:19.403530,35259.536637931036
en venta departamento mod. milan,3780000.0,108.87,2.0,3.0,31.8859787,-116.6116106,easyaviso,2025-09-27 22:24:19.403530,34720.30862496555
en venta modelo toledo,3300000.0,125.0,2.0,3.0,31.8535045315,-116.5709403469,easyaviso,2025-09-27 22:24:19.403530,26400.0
oportunidad de inversion en puerto salina la marina,14000000.0,335.96,,2.0,31.8988988873,-116.6718477004,easyaviso,2025-09-27 22:24:19.403530,41671.627574711274
a la venta casa nueva en promocion,14440000.0,490.0,3.0,4.0,31.8541627,-116.6124631,easyaviso,2025-09-27 22:24:19.403530,29469.38775510204
granjas el gallo  casa en venta  3r 2.5b  ensenada,400000.0,210.61,,,31.8879794739,-116.5600661742,easyaviso,2025-09-27 22:24:19.403530,1899.2450500925881
rancho en venta,1378687.5,500.0,,,31.9021644,-116.7286001,easyaviso,2025-09-27 22:24:19.403530,2757.375
playa ensenada  casa en venta  4r 3.5b  ensenada,65257875.0,845.0,,,31.1284668774,-116.3025468201,easyaviso,2025-09-27 22:24:19.403530,77228.25443786982
casa en venta,11029500.0,760.0,9.0,10.0,32.0956281,-116.572572,easyaviso,2025-09-27 22:24:19.403530,14512.5
1797 m2 y 2184 m2 con acceso por carretera principal en valle de guadalupe,682119.4275,494.0,,,32.0756669,-116.6243396,easyaviso,2025-09-27 22:24:19.403530,1380.8085576923077
2547 m2 con vinedo frente a carretera principal en valle de guadalupe,1800000.0,0.0,,,31.8899739,-116.5980299,easyaviso,2025-09-27 22:24:19.403530,inf
hotel boutique en venta,16176600.0,850.0,6.0,5.0,32.4699486,-116.9086438,easyaviso,2025-09-27 22:24:19.403530,19031.29411764706
casa en venta,9099337.5,648.0,2.0,4.0,31.8575279,-116.5830316,easyaviso,2025-09-27 22:24:19.403530,14042.1875
casa en venta,3500000.0,137.0,2.0,3.0,31.8650583,-116.5839216,easyaviso,2025-09-27 22:24:19.403530,25547.445255474453
casa en venta 3 rec col. marquez de leon,2950000.0,157.0,3.0,4.0,31.8958520579,-116.5946644564,easyaviso,2025-09-27 22:24:19.403530,18789.808917197453
oportunidad de inversion lomas de valle verde,2310000.0,,2.0,4.0,31.9050094,-116.5938672,easyaviso,2025-09-27 22:24:19.403530,
ruiz cortinez  casa nueva  4r 3b  ensenada,430000.0,625.0,,,31.7151989,-116.571388,easyaviso,2025-09-27 22:24:19.403530,688.0
casa en venta de 4 recamaras en el prado,808830.0,90.0,,,32.100357,-116.5802068,easyaviso,2025-09-27 22:24:19.403530,8987.0
casa en venta en villa colonial ensenada b.c,8953836.0,228.0,3.0,3.0,31.8525687,-116.5865593,easyaviso,2025-09-27 22:24:19.403530,39271.21052631579
venta de residencia de lujo en bajamar ensenada,9558900.0,170.0,2.0,2.0,31.8657858695,-116.6684532166,easyaviso,2025-09-27 22:24:19.403530,56228.82352941176
casa en venta,4402608.75,,2.0,2.0,31.8752281988,-116.6222749801,easyaviso,2025-09-27 22:24:19.403530,
departamentos de lujo en preventa en colonia azteca,3100000.0,,2.0,3.0,31.85409,-116.5699625,easyaviso,2025-09-27 22:24:19.403530,
venta de hermoso departamento amueblado en entremar,2095000.0,100.0,,3.0,31.897628592,-116.5712992649,easyaviso,2025-09-27 22:24:19.403530,20950.0
preventa de condominios con vista al mar en el centro de ensenada b.c.,2200000.0,60.9,,2.0,31.8973517,-116.5739137,easyaviso,2025-09-27 22:24:19.403530,36124.7947454844
casa en venta en granja del gallo ensenada,13000000.0,0.0,,,28.5843231028,-114.1477809154,easyaviso,2025-09-27 22:24:19.403530,inf
se vende casa en misiones de la presa ii ensenada baja california,3700000.0,128.21,2.0,3.0,31.786831,-116.5906097,easyaviso,2025-09-27 22:24:19.403530,28858.903361672255
casa en venta en vinedos del mar modelo teide,4188452.625,217.0,,,31.8892222,-116.6809248,easyaviso,2025-09-27 22:24:19.403530,19301.625
casa en venta en punta piedra  modelo santa rosalia,8639775.0,249.0,3.0,3.0,31.8952984,-116.5597258,easyaviso,2025-09-27 22:24:19.403530,34697.89156626506
casa en venta en punta piedra,1550000.0,223.0,,,31.8892222,-116.6809248,easyaviso,2025-09-27 22:24:19.403530,6950.67264573991
comoda casa en venta en priv. maria teresa,5500000.0,144.0,3.0,4.0,31.8326008951,-116.595407414,easyaviso,2025-09-27 22:24:19.403530,38194.444444444445
hermosa y acogedora casa en venta en punta piedra ensenada b.c. en 348000usd,5055187.5,166.0,2.0,2.0,32.0196837489,-116.8648905515,easyaviso,2025-09-27 22:24:19.403530,30452.93674698795
hermosa casa en venta en valle dorado ensenada b.c. seccion lagos.,6322238.0,747.93,,,28.7538041523,-114.1103728414,easyaviso,2025-09-27 22:24:19.403530,8452.980893933925
casa de pueblo 23  villas country club,1470600.0,463.0,,,31.7187949464,-116.574484847,easyaviso,2025-09-27 22:24:19.403530,3176.241900647948
hermosa casa  grande con vista a la bahia de ensenada en esquina,3700000.0,128.21,2.0,3.0,31.8557021,-116.6057392,easyaviso,2025-09-27 22:24:19.403530,28858.903361672255
casa nueva con amenidades. equipadaopcional. entrega inmediata.,160000.0,151.0,2.0,2.0,32.1322505675,-116.8815578233,easyaviso,2025-09-27 22:24:19.403530,1059.6026490066224
casa en venta,2800000.0,126.4,2.0,4.0,31.8293868,-116.5863344,easyaviso,2025-09-27 22:24:19.403530,22151.898734177215
inversion en ensenada,15625125.0,430.0,4.0,4.0,31.9021644,-116.7286001,easyaviso,2025-09-27 22:24:19.403530,36337.5
casa de un nivel en fracc. colinas de la presa.,9007425.0,155.0,2.0,2.0,31.8614209,-116.6476466,easyaviso,2025-09-27 22:24:19.403530,58112.41935483871
departamento amueblado en venta  torre barlovento ensenada b.c.,682119.4275,494.0,,,32.0756669,-116.6243396,easyaviso,2025-09-27 22:24:19.403530,1380.8085576923077
hotel boutique en venta en valle de guadalupe,1378687.5,251.0,,,31.8643904,-116.6479655,easyaviso,2025-09-27 22:24:19.403530,5492.778884462152
se vende casa 3 pisos en quetzal residencial ensenada bc,3150000.0,125.0,2.0,3.0,31.8537934487,-116.5705353776,easyaviso,2025-09-27 22:24:19.403530,25200.0
casas en venta,8180212.5,190.0,2.0,3.0,32.100015846,-116.565042408,easyaviso,2025-09-27 22:24:19.403530,43053.75
se vende casa de 3 recamaras en granjas el gallo ensenada.,12867750.0,,2.0,3.0,31.8611214492,-116.6478388696,easyaviso,2025-09-27 22:24:19.403530,
casa en venta en privada maria teresa,4816215.0,75.0,,2.0,32.0561126,-116.8815121,easyaviso,2025-09-27 22:24:19.403530,64216.2
casa en venta en privada san fernando,2045557.5408,545.52,,,31.9410919428,-116.6631317139,easyaviso,2025-09-27 22:24:19.403530,3749.7388561372636
departamento amueblado en venta en torre barlovento,1281186.72,969.78,,,31.7859907,-116.5705698,easyaviso,2025-09-27 22:24:19.403530,1321.1106848976056
condominio en venta en yacht point puerto la salina,5514750.0,232.0,3.0,5.0,31.7813754,-116.6107572,easyaviso,2025-09-27 22:24:19.403530,23770.474137931036
299  colinas de mexicali,12849367.5,335.0,3.0,4.0,31.8786885,-116.5483888,easyaviso,2025-09-27 22:24:19.403530,38356.32089552239
penthouse de lujo frente al mar,5239012.5,758.8,,,31.8726129015,-116.6695885585,easyaviso,2025-09-27 22:24:19.403530,6904.339088033738
hermosa hectarea 6900 mt2 en el corazon de valle de guadalupe,3150000.0,113.0,,2.0,31.851208,-116.5694727,easyaviso,2025-09-27 22:24:19.403530,27876.106194690266
se vende casa amuebla y con vista al mar en ensenada,5150000.0,192.1,2.0,3.0,31.9161068157,-116.6924301463,easyaviso,2025-09-27 22:24:19.403530,26808.95366996356
casa en venta  gali residencial,2464000.0,300.0,,,31.8747092,-116.6582509,easyaviso,2025-09-27 22:24:19.403530,8213.333333333334
casa en venta en vinedos del mar en ensenada baja california,7800000.0,689.52,,,32.0716121,-116.6212451,easyaviso,2025-09-27 22:24:19.403530,11312.217194570136
casa en venta en porticos del mar ensenada,5330925.0,955.0,,,31.9030478,-116.6766195,easyaviso,2025-09-27 22:24:19.403530,5582.120418848168
rancho en venta en el corazon de la ruta del vino  oportunidad de inversion,36000000.0,,,,31.9109332,-116.2724304,easyaviso,2025-09-27 22:24:19.403530,
venta hacienda la burrita frente al mar playa privada ensenada rosarito,1911780.0,249.8,,,32.0515372774,-116.8814523018,easyaviso,2025-09-27 22:24:19.403530,7653.24259407526
casas y departamentos en venta en vinedos del mar,34007625.0,424.76,4.0,3.0,31.8608115208,-116.6471811702,easyaviso,2025-09-27 22:24:19.403530,80063.15331010454
casas y departamentos en venta en vinedos del mar,772065.0,128.0,,,31.7923452652,-116.5790775757,easyaviso,2025-09-27 22:24:19.403530,6031.7578125
casa en venta  en  playitas,1400000.0,238.25,,,31.7812756,-116.6133837,easyaviso,2025-09-27 22:24:19.403530,5876.1804826862535
25000 m2 en punta piedra con vista al mar,6433875.0,200.0,3.0,3.0,32.0922671301,-116.8428908787,easyaviso,2025-09-27 22:24:19.403530,32169.375
casa centrica de 1 nivel en fracc. buenaventura,14614087.5,220.0,2.0,3.0,31.884016,-116.6092269,easyaviso,2025-09-27 22:24:19.403530,66427.67045454546
casa en venta en amaralta,3200000.0,120.0,2.0,2.0,31.8464581,-116.5928305,easyaviso,2025-09-27 22:24:19.403530,26666.666666666668
se vende casa amueblada en vinedos del mar,9500000.0,281.0,3.0,4.0,31.8655704,-116.6556402,easyaviso,2025-09-27 22:24:19.403530,33807.829181494664
venta de condominio en pacifica ensenada b.c.,4130000.0,140.0,2.0,3.0,31.8387671835,-116.6078175857,easyaviso,2025-09-27 22:24:19.403530,29500.0
hermosa casa en venta en valle dorado seccion rios,3300000.0,125.0,2.0,3.0,31.8535334022,-116.569936133,easyaviso,2025-09-27 22:24:19.403530,26400.0
casa en venta fraccionamiento san marino zona norte,11948625.0,250.0,,,32.0142761011,-116.8738522486,easyaviso,2025-09-27 22:24:19.403530,47794.5
casas en preventa,2990000.0,157.7,,3.0,31.8763427999,-116.6600115861,easyaviso,2025-09-27 22:24:19.403530,18960.05072923272
se vende casa en granjas  el gallo,3195000.0,125.0,2.0,3.0,31.902968206,-116.6903189634,easyaviso,2025-09-27 22:24:19.403530,25560.0
casa con vista al mar en venta en pedregal playitas ensenada.,29595310.29,439.89,,,31.9048493189,-116.7264658574,easyaviso,2025-09-27 22:24:19.403530,67278.88856304986
casa en preventa ubicada en sauzal 3 rec 2.5 ban 3195000,3350000.0,186.0,3.0,5.0,31.8480414,-116.5790888,easyaviso,2025-09-27 22:24:19.403530,18010.752688172044
se vende casa de oportunidad,8272106.6175,645.0,,,31.9693712321,-116.6307026821,easyaviso,2025-09-27 22:24:19.403530,12824.9715
1.08 ha en venta en san antonio de las minas valle de guadalupe,12178406.25,650.0,,,32.016629,-116.872037,easyaviso,2025-09-27 22:24:19.403530,18736.009615384617
casa en venta  fraccionamiento andarez ensenada,14338350.0,750.0,3.0,5.0,31.8701778773,-116.6328696329,easyaviso,2025-09-27 22:24:19.403530,19117.8
se vende casa amplia en privada,8639775.0,249.0,3.0,3.0,32.0868658,-116.8816293,easyaviso,2025-09-27 22:24:19.403530,34697.89156626506
venta de casa en puerta del mar,7647120.0,232.0,3.0,3.0,32.0868658,-116.8816293,easyaviso,2025-09-27 22:24:19.403530,32961.724137931036
hermosa casa en venta en punta piedra  seccion mision ensenada b.c.,7444912.5,213.0,3.0,3.0,32.0868658,-116.8816293,easyaviso,2025-09-27 22:24:19.403530,34952.640845070426
hermosa casa en venta en punta piedra modelo santo tomas ensenada b.c.,11930242.5,320.0,5.0,4.0,32.0971979937,-116.8803796148,easyaviso,2025-09-27 22:24:19.403530,37282.0078125
hermosa casa en venta en punta piedra modelo loreto ensenada b.c.,2711418.75,510.0,,,31.8727242912,-116.6682600932,easyaviso,2025-09-27 22:24:19.403530,5316.507352941177
hermosa casa en venta en punta piedra modelo santa rosalia ensenada b.c.,9007425.0,145.0,2.0,3.0,32.0966167347,-116.8793662958,easyaviso,2025-09-27 22:24:19.403530,62120.1724137931
casa en venta con vista al oceano y casita en la loma la mision ensenada,5250000.0,217.0,2.0,3.0,31.8807140261,-116.6268146809,easyaviso,2025-09-27 22:24:19.403530,24193.548387096773
casa nueva en venta sobre calle ambar,2050000.0,80.0,,3.0,31.7869498,-116.6046972,easyaviso,2025-09-27 22:24:19.403530,25625.0
privada altamar  coronita  casas nuevas  3r 2.5b  ensenada,10073610.0,185.0,3.0,4.0,32.0924044,-116.8448458,easyaviso,2025-09-27 22:24:19.403530,54451.94594594595
casa en venta,4500000.0,150.0,2.0,2.0,31.8867464878,-116.6783923759,easyaviso,2025-09-27 22:24:19.403530,30000.0
casa con vista al mar y casita en comunidad privada  a unos minutos de la playa,3952237.5,425.0,,3.0,32.0708688386,-116.6159875608,easyaviso,2025-09-27 22:24:19.403530,9299.382352941177
haciendas de bajamar 7 3   golf community,7902636.75,291.0,2.0,3.0,32.0971497986,-116.8740338122,easyaviso,2025-09-27 22:24:19.403530,27156.827319587628
casa en venta ubicada en zona norte,6433875.0,330.0,4.0,5.0,31.8459998844,-116.6124351889,easyaviso,2025-09-27 22:24:19.403530,19496.590909090908
ejido el porvenir valle de guadalupe,4100000.0,,2.0,4.0,31.8641466,-116.5760009,easyaviso,2025-09-27 22:24:19.403530,
casa en venta,5055187.5,120.0,2.0,3.0,32.0183604084,-116.8751013383,easyaviso,2025-09-27 22:24:19.403530,42126.5625
casa con vista al mar en punta piedra ensenada  con acceso a playa,9191250.0,0.0,,,31.9616984617,-116.6417646222,easyaviso,2025-09-27 22:24:19.403530,inf
exclusiva casa de un nivel en venta en bajamar,1550000.0,61.59,,2.0,31.829754,-116.6051223,easyaviso,2025-09-27 22:24:19.403530,25166.423120636464
se vende casa en loma dorada en ensenada,3989002.5,403.8,3.0,3.0,31.7865797947,-116.5689130345,easyaviso,2025-09-27 22:24:19.403530,9878.65898959881
condominio punta banda 1er piso 1.55 millones,800000.0,306.0,,,31.8188720795,-116.5782237897,easyaviso,2025-09-27 22:24:19.403530,2614.37908496732
casa en venta,15625125.0,448.68,5.0,5.0,31.9050519922,-116.7291404169,easyaviso,2025-09-27 22:24:19.403530,34824.652313452796
casa en venta amueblada  valle de guadalupe,7804860.2325,172.0,2.0,2.0,31.892419,-116.5620032,easyaviso,2025-09-27 22:24:19.403530,45377.094375
promose vende casa campestre con excelente vista a la bahia en obra negra,6397110.0,130.0,2.0,2.0,31.7939025,-116.5781326,easyaviso,2025-09-27 22:24:19.403530,49208.53846153846
casa en venta en cibolas del mar,8989042.5,123.7,2.0,2.0,31.8874237,-116.6890954,easyaviso,2025-09-27 22:24:19.403530,72668.08811641067
casa en venta en punta piedra,3855000.0,108.87,2.0,3.0,31.8857329365,-116.6113201412,easyaviso,2025-09-27 22:24:19.403530,35409.20363736567
departamento en venta 2 rec vista al mar ensenada bc,6433875.0,204.0,3.0,3.0,31.7705071656,-116.5573542315,easyaviso,2025-09-27 22:24:19.403530,31538.602941176472
departamento frente al mar 350000 dlls  puerto salina,5422837.5,160.0,2.0,3.0,31.8180585,-116.5938115,easyaviso,2025-09-27 22:24:19.403530,33892.734375
condominio venta  pacifica 502,1286775.0,500.0,,,31.8618449,-116.6243369,easyaviso,2025-09-27 22:24:19.403530,2573.55
departamento en venta en la salina marina tower,1100000.0,,,2.0,32.0647778,-116.6013644,easyaviso,2025-09-27 22:24:19.403530,
condominio  punta banda,5367690.0,,2.0,3.0,31.7604917,-116.5381358,easyaviso,2025-09-27 22:24:19.403530,
casa lomas del campanario,8500000.0,314.0,2.0,3.0,31.8826571428,-116.6245502803,easyaviso,2025-09-27 22:24:19.403530,27070.063694267516
casa en venta en san carlos,4800000.0,188.0,2.0,4.0,31.8521558,-116.5965171,easyaviso,2025-09-27 22:24:19.403530,25531.91489361702
casa centrica en venta fracc. playa ensenada,3000000.0,,2.0,3.0,31.7221607414,-116.5755727677,easyaviso,2025-09-27 22:24:19.403530,
casa en venta colonia empleados ensenada baja california,3760000.0,,2.0,3.0,31.8861452,-116.6043404,easyaviso,2025-09-27 22:24:19.403530,
casa en venta fraccionamiento buenaventura,10050000.0,153.0,2.0,2.0,31.8607969901,-116.6491252184,easyaviso,2025-09-27 22:24:19.403530,65686.27450980392
casa en venta en maneadero,4950000.0,180.0,3.0,4.0,31.8797674105,-116.6470395769,easyaviso,2025-09-27 22:24:19.403530,27500.0
casa nueva en valle verde,3300000.0,125.0,2.0,3.0,31.8537649768,-116.5711163708,easyaviso,2025-09-27 22:24:19.403530,26400.0
departamento amueblado en venta en torre barlovento ensenada b.c.,800000.0,,,,31.8072417,-116.587155,easyaviso,2025-09-27 22:24:19.403530,
casa en venta,2750000.0,146.0,2.0,4.0,31.8072417,-116.587155,easyaviso,2025-09-27 22:24:19.403530,18835.616438356163
casa en venta,3492675.0,868.5,,,31.9069941592,-116.7217379773,easyaviso,2025-09-27 22:24:19.403530,4021.502590673575
casa nueva en venta,639711.0,400.0,,,31.7624917,-116.5361358,easyaviso,2025-09-27 22:24:19.403530,1599.2775
casa en valle de guadalupe,2500000.0,73.0,2.0,3.0,31.8116865505,-116.5875363262,easyaviso,2025-09-27 22:24:19.403530,34246.57534246575
venta condominio en catavina 1 puerta del mar ensenada,1378687.5,372.0,,,32.0923712,-116.845142,easyaviso,2025-09-27 22:24:19.403530,3706.1491935483873
hermoso departamento frente al mar 450000 dlls,45956250.0,0.0,8.0,5.0,32.0938435403,-116.5757101311,easyaviso,2025-09-27 22:24:19.403530,inf
magnifica residencia en venta en ensenada,4950000.0,180.0,3.0,4.0,31.8822271686,-116.6430196336,easyaviso,2025-09-27 22:24:19.403530,27500.0
hacienda murmullo de agua en valle de guadalupe en venta,3650000.0,390.0,2.0,3.0,31.876086935,-116.5646072715,easyaviso,2025-09-27 22:24:19.403530,9358.97435897436
hermosa casa en venta en privada isla coronado,39522375.0,400.0,,,32.0956281,-116.572572,easyaviso,2025-09-27 22:24:19.403530,98805.9375
casa en venta en fraccionamiento mar de ensenada en ensenada baja california,2738992.5,816.9,,,31.9032814,-116.6907397,easyaviso,2025-09-27 22:24:19.403530,3352.9103929489534
casa en venta rincon del mar ensenada b.c.,7353000.0,450.0,5.0,6.0,31.8720778,-116.6623916,easyaviso,2025-09-27 22:24:19.403530,16340.0
casa en venta,13786875.0,500.0,5.0,7.0,31.8457641,-116.612812,easyaviso,2025-09-27 22:24:19.403530,27573.75
enalto  condominios en preventa,7353000.0,0.0,,,32.0038278,-116.6725972,easyaviso,2025-09-27 22:24:19.403530,inf
se vende hermosa casa en loma dorada con vista al mar,1286775.0,500.0,,,32.1285466498,-116.5346690726,easyaviso,2025-09-27 22:24:19.403530,2573.55
casa en campo de golf baja country club,1375000.0,68.98,,3.0,31.9006120668,-116.5843383249,easyaviso,2025-09-27 22:24:19.403530,19933.314004059146
excelente casa venta frente al mar,5422837.5,,2.0,3.0,31.818065411,-116.5935225187,easyaviso,2025-09-27 22:24:19.403530,
casa de lujo frente al mar en punta piedra,6000000.0,405.0,3.0,3.0,31.8558183905,-116.5854728181,easyaviso,2025-09-27 22:24:19.403530,14814.814814814816
casa en venta en privada villas del cedro iii,545000.0,,3.0,3.0,31.8803792161,-116.6834855697,easyaviso,2025-09-27 22:24:19.403530,
casa en venta,3750000.0,122.86,2.0,3.0,31.8919091434,-116.6757167973,easyaviso,2025-09-27 22:24:19.403530,30522.54598730262
condominio de lujo en venta,1617660.0,743.0,,,32.0926281,-116.575572,easyaviso,2025-09-27 22:24:19.403530,2177.200538358008
casa nueva modelo terra plus en venta con roof garden  gaia residencial,3200000.0,92.48,2.0,2.0,31.8920153243,-116.6758658597,easyaviso,2025-09-27 22:24:19.403530,34602.07612456747
fracc.  valle verde ensenada b.c.,3989002.5,403.8,3.0,3.0,31.7865797947,-116.5689130345,easyaviso,2025-09-27 22:24:19.403530,9878.65898959881
casa nueva modelo gea en venta con roof garden  gaia residencial,4595625.0,340.0,3.0,3.0,31.885367,-116.6248134,easyaviso,2025-09-27 22:24:19.403530,13516.54411764706
casa en venta en el valle de guadalupe amueblada,2900000.0,73.68,2.0,2.0,31.8923086,-116.6917975,easyaviso,2025-09-27 22:24:19.403530,39359.391965255156
propiedad en venta con 2 casas frente al estero esteban cantu ensenada b.c.,5514750.0,240.0,,2.0,32.0048278,-116.6715972,easyaviso,2025-09-27 22:24:19.403530,22978.125
fracc. vinedos del mar  sauzal ensenada b.c.,5940000.0,125.0,2.0,2.0,31.8756852035,-116.6232465445,easyaviso,2025-09-27 22:24:19.403530,47520.0
casa en venta,4450000.0,134.0,2.0,3.0,31.80385,-116.5841889,easyaviso,2025-09-27 22:24:19.403530,33208.9552238806
proyecto mm ranch,8569000.0,172.0,2.0,2.0,31.8775715318,-116.6222977491,easyaviso,2025-09-27 22:24:19.403530,49819.767441860466
departamento centrico en venta modernos amenidades,9800000.0,282.0,3.0,3.0,31.867649,-116.6276616,easyaviso,2025-09-27 22:24:19.403530,34751.77304964539
fracc. residencial andarez,3950000.0,160.0,4.0,4.0,31.8902937169,-116.6120493264,easyaviso,2025-09-27 22:24:19.403530,24687.5
departamento en venta nuevo centrico pet friendly,3500000.0,73.0,2.0,2.0,31.9146405726,-116.6916496343,easyaviso,2025-09-27 22:24:19.403530,47945.20547945205
casa en venta,4000000.0,137.0,2.0,3.0,31.915148063,-116.6917836195,easyaviso,2025-09-27 22:24:19.403530,29197.080291970804
